model_name,accuracy,precision,recall,f1_score,roc_auc,prediction_time,predictions
random_forest,0.9966263147449891,0.9966318644122403,0.9966263147449891,0.9966258941862126,0.9999193677290503,0.024247407913208008,[0 1 1 ... 0 0 0]
logistic_regression,0.950188529470133,0.9501917274587373,0.950188529470133,0.9501735389852357,0.9885622451062779,0.0005662441253662109,[0 1 1 ... 0 0 0]
decision_tree,0.9946417940067473,0.9946466400357848,0.9946417940067473,0.9946422895567062,0.9947115833519286,0.0008463859558105469,[0 1 1 ... 0 0 0]
naive_bayes,0.8964080174637825,0.8968213411108101,0.8964080174637825,0.8964788066226054,0.9569475898151708,0.0028219223022460938,[0 1 1 ... 0 0 0]
knn,0.9910696566779122,0.9910703949341533,0.9910696566779122,0.9910690453446915,0.9960162593906131,0.1617121696472168,[0 1 1 ... 0 0 0]
