model_name,accuracy,precision,recall,f1_score,roc_auc,prediction_time,predictions
random_forest,0.9968247668188133,0.996831776573553,0.9968247668188133,0.9968243257499783,0.9999604355883466,0.03705334663391113,[0 1 1 ... 0 0 0]
logistic_regression,0.9493947211748363,0.9493974133490133,0.9493947211748363,0.9493794917977495,0.9886209586931716,0.00033402442932128906,[0 1 1 ... 0 0 0]
decision_tree,0.9946417940067473,0.9946429320920028,0.9946417940067473,0.9946420089516119,0.9946576174944333,0.0004715919494628906,[0 1 1 ... 0 0 0]
naive_bayes,0.8977971819805517,0.8984059473721332,0.8977971819805517,0.8978807188522654,0.9508417724223389,0.0028471946716308594,[0 1 1 ... 0 0 0]
knn,0.9916650128993848,0.9916664651146235,0.9916650128993848,0.9916643262084651,0.9964368290864893,0.20800995826721191,[0 1 1 ... 0 0 0]
