model_name,accuracy,precision,recall,f1_score,roc_auc,prediction_time,predictions
random_forest,0.9966263147449891,0.9966318644122403,0.9966263147449891,0.9966258941862126,0.9999193677290503,0.03640604019165039,[0 1 1 ... 0 0 0]
logistic_regression,0.950188529470133,0.9501917274587373,0.950188529470133,0.9501735389852357,0.9885622451062779,0.00044226646423339844,[0 1 1 ... 0 0 0]
decision_tree,0.9946417940067473,0.9946466400357848,0.9946417940067473,0.9946422895567062,0.9947115833519286,0.0005347728729248047,[0 1 1 ... 0 0 0]
naive_bayes,0.8964080174637825,0.8968213411108101,0.8964080174637825,0.8964788066226054,0.9569475898151708,0.009587287902832031,[0 1 1 ... 0 0 0]
knn,0.9910696566779122,0.9910703949341533,0.9910696566779122,0.9910690453446915,0.9960162593906131,0.22200322151184082,[0 1 1 ... 0 0 0]
