Model,NSL_to_CIC_Accuracy_Drop,NSL_to_CIC_F1_Drop,NSL_to_CIC_Generalization,CIC_to_NSL_Accuracy_Drop,CIC_to_NSL_F1_Drop,CIC_to_NSL_Generalization,Avg_Accuracy_Drop,Avg_Generalization,Generalization_Symmetry,NSL_Baseline_Accuracy,CIC_Baseline_Accuracy
Random Forest,-0.0431746360716889,0.6826488279196968,1.055669697757959,0.5651807061247962,0.9878633157018724,0.4325143576722164,0.26100303502655364,0.7440920277150876,0.6231553400857426,0.7755500354861604,0.9959383356492816
XGBoost,0.6002469611240819,0.4873561579346874,0.2408433384807122,0.5684454992851833,0.9976422010815376,0.431101161620299,0.5843462302046326,0.33597225005050557,0.19025782313958678,0.7906760113555713,0.9992031288096688
LightGBM,0.6119940773921566,0.4898647758249465,0.2254213743134527,0.5681620351552894,0.996801774574988,0.4312234954975824,0.590078056273723,0.32832243490551755,0.2058021211841297,0.7900993612491128,0.9989196646797748
