model_name,accuracy,precision,recall,f1_score,roc_auc,prediction_time,predictions
random_forest,0.9987115266823001,0.9987108830871209,0.9987115266823001,0.998710947225221,0.9999495705068411,1.3573102951049805,[1 0 0 ... 0 0 0]
logistic_regression,0.9464153681168269,0.9453148364820962,0.9464153681168269,0.9456473674890175,0.9817186083611357,0.03077387809753418,[1 0 0 ... 0 0 0]
decision_tree,0.9989434518794861,0.9989447035134084,0.9989434518794861,0.9989438738874938,0.9994236279410883,0.0667271614074707,[1 0 0 ... 0 0 0]
naive_bayes,0.37696566515948327,0.862021217166612,0.37696566515948327,0.39315686489057605,0.6583693978909732,0.3263366222381592,[1 1 0 ... 1 1 0]
