{
  "baseline": {
    "best_accuracy": {
      "model": "random_forest",
      "accuracy": 0.9992458821194682,
      "f1": 0.9992458716862704
    },
    "best_f1": {
      "model": "random_forest",
      "accuracy": 0.9992458821194682,
      "f1": 0.9992458716862704
    }
  },
  "advanced": {
    "best_accuracy": {
      "model": "lightgbm",
      "accuracy": 0.9993649533637626,
      "precision": 0.999364989937233,
      "recall": 0.9993649533637626
    },
    "best_auc": {
      "model": "lightgbm",
      "roc_auc": 0.9999946751086224,
      "accuracy": 0.9993649533637626
    }
  },
  "cross_validation": {
    "best_model": "lightgbm",
    "f1_score": "0.9990 \u00b1 0.0001",
    "accuracy": "0.9990 \u00b1 0.0001"
  },
  "cross_dataset": {
    "forward": {
      "best_model": "XGBoost",
      "transfer_ratio": 0.6179,
      "relative_drop": 38.21,
      "source_accuracy": 0.8073,
      "target_accuracy": 0.4988,
      "direction": "NSL\u2192CIC"
    },
    "reverse": {
      "best_model": "Random Forest",
      "transfer_ratio": 1.0,
      "relative_drop": 0.0,
      "source_accuracy": 0.504,
      "target_accuracy": 0.5206,
      "direction": "CIC\u2192NSL"
    }
  },
  "cross_dataset_summary": {
    "mean_transfer_ratio": 0.8068333333333334,
    "mean_generalization_gap": 0.15623333333333334,
    "mean_relative_drop": 19.316666666666666,
    "best_model": "XGBoost",
    "best_avg_transfer_ratio": 0.8089500000000001,
    "transfer_asymmetry": 0.3821
  },
  "harmonized": [
    {
      "source": "NSL-KDD",
      "target": "CIC-IDS-2017",
      "cv_f1_mean": 0.9320582714157376,
      "cv_f1_std": 0.002427147954548657,
      "target_accuracy": 0.5005004003202562,
      "target_f1": 0.6668001869283664,
      "threshold_tuned_f1": 0.6668001869283664
    },
    {
      "source": "CIC-IDS-2017",
      "target": "NSL-KDD",
      "cv_f1_mean": -1.0,
      "cv_f1_std": -1.0,
      "target_accuracy": 0.16544,
      "target_f1": 0.18715910861773413,
      "threshold_tuned_f1": 0.18715910861773413
    }
  ]
}