model_name,accuracy,precision,recall,f1_score,roc_auc,prediction_time,predictions
random_forest,0.9986505258979956,0.9986510405524135,0.9986505258979956,0.9986504733504054,0.999990901463841,0.04568338394165039,[1 0 1 ... 0 1 1]
logistic_regression,0.9532050009922604,0.9532327176176645,0.9532050009922604,0.9531834946333855,0.991849465460051,0.0010297298431396484,[1 0 1 ... 0 1 1]
decision_tree,0.9973407422107561,0.9973410836769776,0.9973407422107561,0.997340646112758,0.9989046837731894,0.002168416976928711,[1 0 1 ... 0 1 1]
naive_bayes,0.8862075808692201,0.8861872939480897,0.8862075808692201,0.8861300866399247,0.9528716816286827,0.00811314582824707,[1 0 1 ... 1 1 1]
knn,0.9962691010121055,0.996269209371587,0.9962691010121055,0.9962689974802001,0.9996085033487996,2.131425619125366,[1 0 1 ... 0 1 1]
svm_linear,0.290533836078587,0.28477489185995786,0.290533836078587,0.2804970305401691,0.35168209646279436,0.5572283267974854,[1 1 0 ... 1 0 1]
