Model,CIC_Accuracy,CIC_F1,CIC_Precision,CIC_Recall,NSL_Accuracy,NSL_F1,NSL_Precision,NSL_Recall,Accuracy_Drop,F1_Drop,Generalization_Score,Training_Time,Prediction_Time
Random Forest,0.5105,0.5087807325639739,0.5100603621730382,0.5075075075075075,0.3286905606813343,0.47378303198887345,0.4277641740440761,0.5308969064131536,0.18180943931866567,0.03499770057510049,0.643860060100557,0.5710647106170654,0.026666879653930664
XGBoost,0.5005,0.497737556561086,0.5,0.4954954954954955,0.40946593328601844,0.5789024197374664,0.48722180811415183,0.7130834567131614,0.09103406671398151,-0.08116486317638039,0.8181137528192177,0.5106086730957031,0.0074388980865478516
LightGBM,0.523,0.5272547076313181,0.5220804710500491,0.5325325325325325,0.3535752306600426,0.5204199164116234,0.45043864646234477,0.616145873918803,0.16942476933995743,0.006834791219694658,0.6760520662715919,0.3561079502105713,0.011776447296142578
