model_name,accuracy,precision,recall,f1_score,roc_auc,prediction_time,predictions
random_forest,0.9986505258979956,0.9986510405524135,0.9986505258979956,0.9986504733504054,0.9999909014638411,0.13847589492797852,[1 0 1 ... 0 1 1]
logistic_regression,0.9532050009922604,0.9532327176176645,0.9532050009922604,0.9531834946333855,0.991849465460051,0.008005142211914062,[1 0 1 ... 0 1 1]
decision_tree,0.9973407422107561,0.9973410836769776,0.9973407422107561,0.997340646112758,0.9989046837731894,0.003407716751098633,[1 0 1 ... 0 1 1]
naive_bayes,0.8862075808692201,0.8861872939480897,0.8862075808692201,0.8861300866399247,0.9528716816286827,0.01505422592163086,[1 0 1 ... 1 1 1]
knn,0.9962691010121055,0.996269209371587,0.9962691010121055,0.9962689974802001,0.9996085033487996,3.4961509704589844,[1 0 1 ... 0 1 1]
