model_name,accuracy,precision,recall,f1_score,roc_auc,prediction_time,predictions
random_forest,0.9992458821194682,0.9992459403424209,0.9992458821194682,0.9992458716862705,0.9999948587255664,0.06913995742797852,[1 0 1 ... 0 1 1]
logistic_regression,0.9528874776741417,0.9529241091477957,0.9528874776741417,0.9528636676113473,0.992190315492786,0.008073568344116211,[1 0 1 ... 0 1 1]
decision_tree,0.9983726929946418,0.9983727051295033,0.9983726929946418,0.9983726974817859,0.9984068254242403,0.003130197525024414,[1 0 1 ... 0 1 1]
naive_bayes,0.8862075808692201,0.8861872939480897,0.8862075808692201,0.8861300866399247,0.9528716816286827,0.012493133544921875,[1 0 1 ... 1 1 1]
knn,0.9962691010121055,0.996269209371587,0.9962691010121055,0.9962689974802001,0.9996085033487996,3.2112677097320557,[1 0 1 ... 0 1 1]
