model_name,accuracy,precision,recall,f1_score,roc_auc,prediction_time,predictions
random_forest,0.5035,0.5034966957885305,0.5035,0.5034921799666443,0.5028785028785029,0.06936025619506836,[1 1 0 ... 1 0 0]
logistic_regression,0.4975,0.4974833099789811,0.4975,0.4973870359853955,0.504051504051504,0.0003159046173095703,[1 1 0 ... 1 0 1]
decision_tree,0.4905,0.4904959677419355,0.4905,0.49049197521249804,0.49714949714949713,0.00040435791015625,[0 0 0 ... 1 0 1]
naive_bayes,0.5105,0.5252278578116454,0.5105,0.4294371331005528,0.5022875022875023,0.0009918212890625,[1 1 1 ... 1 0 1]
