model_name,dataset,accuracy,precision,recall,f1_score,roc_auc,prediction_time
xgboost,validation,0.5105,0.5104950187247935,0.5105,0.5104687921202307,0.5127085127085127,0.019942522048950195
lightgbm,validation,0.5185,0.5185469848461177,0.5185,0.5183262394054365,0.5222785222785222,0.017582416534423828
gradient_boosting,validation,0.502,0.5019883955403488,0.502,0.5019093462318615,0.5101355101355102,0.0068645477294921875
extra_trees,validation,0.507,0.5069921951219513,0.507,0.5069230790003509,0.5092570092570091,0.17350482940673828
mlp,validation,0.5095,0.5095271457701158,0.5095,0.5085914689571341,0.4996614996614997,0.02973031997680664
voting_classifier,validation,0.4935,0.4934523305084746,0.4935,0.4931027079245117,0.5032615032615033,0.2131350040435791
